{
  "project_info": {
    "project_number": "1036551058117",
    "project_id": "androidservice-cab62",
    "storage_bucket": "androidservice-cab62.appspot.com"
  },
  "client": [
    {
      "client_info": {
        "mobilesdk_app_id": "1:1036551058117:android:876b77c5268fdd39c276ac",
        "android_client_info": {
          "package_name": "com.example.projekt"
        }
      },
      "oauth_client": [
        {
          "client_id": "1036551058117-4rjuj9tafmec0ss2rem76qfo32ro3dtl.apps.googleusercontent.com",
          "client_type": 1,
          "android_info": {
            "package_name": "com.example.projekt",
            "certificate_hash": "1204e901c0e8c849b52f695c78a5695b77e1c074"
          }
        },
        {
          "client_id": "1036551058117-ijlfgbueltnps8vvkoi63bbl4njijm8r.apps.googleusercontent.com",
          "client_type": 3
        }
      ],
      "api_key": [
        {
          "current_key": "AIzaSyDAdeFnQGwHZO-_92KaznwVNFHR_PqSMuw"
        }
      ],
      "services": {
        "appinvite_service": {
          "other_platform_oauth_client": [
            {
              "client_id": "1036551058117-ijlfgbueltnps8vvkoi63bbl4njijm8r.apps.googleusercontent.com",
              "client_type": 3
            }
          ]
        }
      }
    }
  ],
  "configuration_version": "1"
}